{
    "avg_prec": 0.998785540254379,
    "roc_auc": 0.9995959595959595
}