{
    "avg_prec": 0.9987855402543792,
    "roc_auc": 0.9995959595959595
}